[
  {
    "id": "91a3e9d1-2798-4b7b-81ac-41a86202002f",
    "data": [
      {
        "text": "What about your resolution.",
        "userDefined": false
      }
    ],
    "isTemplate": false,
    "count": 0,
    "lang": "en",
    "updated": 0
  },
  {
    "id": "90ea9fd9-e421-4bff-9c02-3f67a32df5fe",
    "data": [
      {
        "text": "your resolution?",
        "userDefined": false
      }
    ],
    "isTemplate": false,
    "count": 0,
    "lang": "en",
    "updated": 0
  },
  {
    "id": "c38701c5-07cb-47c4-835e-840a28dc0319",
    "data": [
      {
        "text": "what kind of resolution did you take for ",
        "userDefined": false
      },
      {
        "text": "this year",
        "userDefined": false
      },
      {
        "text": "?",
        "userDefined": false
      }
    ],
    "isTemplate": false,
    "count": 0,
    "lang": "en",
    "updated": 0
  },
  {
    "id": "2c029ba3-8109-47d5-9e18-01af19256cea",
    "data": [
      {
        "text": "What is your resolution",
        "userDefined": false
      }
    ],
    "isTemplate": false,
    "count": 0,
    "lang": "en",
    "updated": 0
  }
]