[
  {
    "id": "097ee120-4452-4850-ad87-e04de279fab2",
    "data": [
      {
        "text": "யூர் வெல்கம்",
        "userDefined": false
      }
    ],
    "isTemplate": false,
    "count": 1,
    "lang": "ta",
    "updated": 0
  },
  {
    "id": "81ef6264-586c-40fb-bec4-9aaa1607e93d",
    "data": [
      {
        "text": "வெல்கம்",
        "userDefined": false
      }
    ],
    "isTemplate": false,
    "count": 0,
    "lang": "ta",
    "updated": 0
  },
  {
    "id": "5e94442f-89cc-4a7e-a665-926c6154cc05",
    "data": [
      {
        "text": "யூர் சோ வெல்கம்",
        "userDefined": false
      }
    ],
    "isTemplate": false,
    "count": 0,
    "lang": "ta",
    "updated": 0
  },
  {
    "id": "73f40877-4372-4249-9078-cc31231f4ea0",
    "data": [
      {
        "text": "சந்தோஷம்",
        "userDefined": false
      }
    ],
    "isTemplate": false,
    "count": 0,
    "lang": "ta",
    "updated": 0
  },
  {
    "id": "223df11f-4bbe-4125-bf22-9090c15bb53b",
    "data": [
      {
        "text": "ஷூர் வெல்கம்",
        "userDefined": false
      }
    ],
    "isTemplate": false,
    "count": 0,
    "lang": "ta",
    "updated": 0
  },
  {
    "id": "962b63b8-9815-4fda-85ec-51dab95fb72e",
    "data": [
      {
        "text": "எனக்கு சந்தோஷம்",
        "userDefined": false
      }
    ],
    "isTemplate": false,
    "count": 0,
    "lang": "ta",
    "updated": 0
  }
]