[
  {
    "id": "c431b428-4860-4118-9d58-6b94eca681e2",
    "data": [
      {
        "text": "Good starting for ",
        "userDefined": false
      },
      {
        "text": "this year",
        "userDefined": false
      },
      {
        "text": "?",
        "userDefined": false
      }
    ],
    "isTemplate": false,
    "count": 0,
    "lang": "en",
    "updated": 0
  },
  {
    "id": "598daba1-8010-4dc1-984a-66a0dc36e05f",
    "data": [
      {
        "text": "how should i start my new year",
        "userDefined": false
      }
    ],
    "isTemplate": false,
    "count": 0,
    "lang": "en",
    "updated": 0
  },
  {
    "id": "adaad24e-b8cf-4ee6-81f0-8c62c4b8448a",
    "data": [
      {
        "text": "what should i do to make my year a successful one?",
        "userDefined": false
      }
    ],
    "isTemplate": false,
    "count": 0,
    "lang": "en",
    "updated": 0
  }
]