[
  {
    "id": "6f7a54d0-8e76-4a5a-bfa6-86ebbbee1349",
    "data": [
      {
        "text": "what type of resolutions shuld i take",
        "userDefined": false
      }
    ],
    "isTemplate": false,
    "count": 0,
    "lang": "en",
    "updated": 0
  },
  {
    "id": "021522a3-73ba-4a6e-a507-c02b3ae9276e",
    "data": [
      {
        "text": "someting about resolution of new year",
        "userDefined": false
      }
    ],
    "isTemplate": false,
    "count": 0,
    "lang": "en",
    "updated": 0
  },
  {
    "id": "6dccb73f-44ea-4653-b7f6-069fc1d38d3e",
    "data": [
      {
        "text": "resolution of new year",
        "userDefined": false
      }
    ],
    "isTemplate": false,
    "count": 0,
    "lang": "en",
    "updated": 0
  },
  {
    "id": "fa6d5c0f-28d1-41a3-b1ec-a098d5054268",
    "data": [
      {
        "text": "hey what are resolution of ",
        "userDefined": false
      },
      {
        "text": "new year",
        "userDefined": false
      }
    ],
    "isTemplate": false,
    "count": 0,
    "lang": "en",
    "updated": 0
  },
  {
    "id": "a02c72e7-b341-4ab2-850f-a73de8b02c43",
    "data": [
      {
        "text": "hey can you plz tell something about resolution of new year",
        "userDefined": false
      }
    ],
    "isTemplate": false,
    "count": 0,
    "lang": "en",
    "updated": 0
  }
]