[
  {
    "id": "6bf7ee4f-490c-4b5b-8537-83bb1b8c4eee",
    "data": [
      {
        "text": "what is so special about new year?",
        "userDefined": false
      }
    ],
    "isTemplate": false,
    "count": 0,
    "lang": "en",
    "updated": 0
  },
  {
    "id": "2f06de7e-5a6b-4170-ab58-999b96582769",
    "data": [
      {
        "text": "purpose of celebrating new year?",
        "userDefined": false
      }
    ],
    "isTemplate": false,
    "count": 0,
    "lang": "en",
    "updated": 0
  },
  {
    "id": "8ae98373-6b02-46be-a6d1-83d04e54b88e",
    "data": [
      {
        "text": "new year is  a festival?",
        "userDefined": false
      }
    ],
    "isTemplate": false,
    "count": 0,
    "lang": "en",
    "updated": 0
  },
  {
    "id": "cda48a2a-b55c-4723-885f-3481263bb902",
    "data": [
      {
        "text": "why do people celebrate it?",
        "userDefined": false
      }
    ],
    "isTemplate": false,
    "count": 0,
    "lang": "en",
    "updated": 0
  },
  {
    "id": "205ed77d-de21-402d-9f79-e526a22cfa26",
    "data": [
      {
        "text": "Why is new year celebrated?",
        "userDefined": false
      }
    ],
    "isTemplate": false,
    "count": 0,
    "lang": "en",
    "updated": 0
  }
]