[
  {
    "id": "32091d70-4b05-44a5-ad79-2828af1b1e98",
    "data": [
      {
        "text": "what is special ",
        "userDefined": false
      },
      {
        "text": "in celebrating",
        "userDefined": false
      },
      {
        "text": " new year?",
        "userDefined": false
      }
    ],
    "isTemplate": false,
    "count": 0,
    "lang": "hi",
    "updated": 0
  },
  {
    "id": "e3aac9b6-df61-4c73-ac9f-ba1ecce37903",
    "data": [
      {
        "text": "Why people celebrate new year?",
        "userDefined": false
      }
    ],
    "isTemplate": false,
    "count": 0,
    "lang": "hi",
    "updated": 0
  },
  {
    "id": "30a304e8-d38d-4b4d-80c7-069b383a23b3",
    "data": [
      {
        "text": "What is reason of celebrating new year?",
        "userDefined": false
      }
    ],
    "isTemplate": false,
    "count": 0,
    "lang": "hi",
    "updated": 0
  },
  {
    "id": "417c65c5-c6f6-40c2-bacb-90feec4a030e",
    "data": [
      {
        "text": "Why do we celebrate it?",
        "userDefined": false
      }
    ],
    "isTemplate": false,
    "count": 0,
    "lang": "hi",
    "updated": 0
  }
]