[
  {
    "id": "4bc1317a-3687-4995-8939-1ee5a7a35750",
    "data": [
      {
        "text": "how was your celebration related to new year?",
        "userDefined": false
      }
    ],
    "isTemplate": false,
    "count": 0,
    "lang": "en",
    "updated": 0
  },
  {
    "id": "963668cd-f6a2-48b4-9514-817d0073f904",
    "data": [
      {
        "text": "what type of celebration did you do?",
        "userDefined": false
      }
    ],
    "isTemplate": false,
    "count": 0,
    "lang": "en",
    "updated": 0
  },
  {
    "id": "50993649-53e0-4503-8273-f750a14c7064",
    "data": [
      {
        "text": "what have you done to celebrate it?",
        "userDefined": false
      }
    ],
    "isTemplate": false,
    "count": 0,
    "lang": "en",
    "updated": 0
  },
  {
    "id": "0ad4c435-fa3d-4ef3-8535-bb7e7fbed116",
    "data": [
      {
        "text": "what you had done to celebrate it?",
        "userDefined": false
      }
    ],
    "isTemplate": false,
    "count": 0,
    "lang": "en",
    "updated": 0
  },
  {
    "id": "9509890e-f63d-40b7-9e98-662cf7ff630b",
    "data": [
      {
        "text": "How did you celebrate it?",
        "userDefined": false
      }
    ],
    "isTemplate": false,
    "count": 0,
    "lang": "en",
    "updated": 0
  }
]