[
  {
    "id": "51053680-d264-4d14-bea2-b9ce5b4ab818",
    "data": [
      {
        "text": "some best ways to celebrate it.",
        "userDefined": false
      }
    ],
    "isTemplate": false,
    "count": 0,
    "lang": "en",
    "updated": 0
  },
  {
    "id": "0aa4ec7c-ad8b-483d-9fa2-d3315d2eaaf4",
    "data": [
      {
        "text": "how should i make this party the most memorable for all?",
        "userDefined": false
      }
    ],
    "isTemplate": false,
    "count": 0,
    "lang": "en",
    "updated": 0
  },
  {
    "id": "15fbf2dc-14a2-4536-9e6a-8def240ec28b",
    "data": [
      {
        "text": "pls tell some amazing ways of celebrating it?",
        "userDefined": false
      }
    ],
    "isTemplate": false,
    "count": 0,
    "lang": "en",
    "updated": 0
  },
  {
    "id": "a7ef764c-8452-4e9e-b502-581450cc7bc7",
    "data": [
      {
        "text": "some help plz.",
        "userDefined": false
      }
    ],
    "isTemplate": false,
    "count": 0,
    "lang": "en",
    "updated": 0
  },
  {
    "id": "5820eed7-9fca-4000-b1ef-aba0e6ee9574",
    "data": [
      {
        "text": "can you suggest any of the ways?",
        "userDefined": false
      }
    ],
    "isTemplate": false,
    "count": 0,
    "lang": "en",
    "updated": 0
  },
  {
    "id": "a27d4beb-dbf2-4ab5-a77e-2ac229ecee03",
    "data": [
      {
        "text": "Some ways of celebrating it ?",
        "userDefined": false
      }
    ],
    "isTemplate": false,
    "count": 0,
    "lang": "en",
    "updated": 0
  }
]